path,guid,width,height,spriteBorder,prefab_count,colors,prefabs
Assets/BizzaWZ/Common/BizzaGame/Z_ReplaceAssets/UI_Frame/Common/Common_Frame.png,0240691a744b95549861699fd0c2e088,1000,1074,"{x: 224, y: 170, z: 196, w: 164}",15,"{""{r: 1, g: 1, b: 1, a: 1}"": 15}","Assets/BizzaWZ/Common/BizzaGame/LosePanel/LosePanel.prefab
Assets/BizzaWZ/Common/UI/SettingPanel/PausePanel.prefab
Assets/BizzaWZ/Final/FunctionTools/CommonPublic/UI/CommonConfirmTipsPanel.prefab
Assets/BizzaWZ/Final/MenuSystem/Common/Task/UIDailyTaskPage.prefab
Assets/BizzaWZ/Final/Real/UI/AddPropPanel/AddPropPanel.prefab
Assets/BizzaWZ/Final/Real/UI/DailyMissionPanel/DailyMissionPanel.prefab
Assets/BizzaWZ/Final/Real/UI/DailyWithdrawPanel/DailyWithdrawPanel.prefab
Assets/BizzaWZ/Final/Real/UI/ExchangeRatePanel/ExchangeRatePanel.prefab
Assets/BizzaWZ/Final/Real/UI/FAQPanel/FAQPanel.prefab
Assets/BizzaWZ/Final/Real/UI/FakeWithdrawPanel/FakeWithdrawPanel.prefab
Assets/BizzaWZ/Final/Real/UI/NewbieGiftPage/NewbieGiftPage.prefab
Assets/BizzaWZ/Final/Real/UI/RealWithdrawalPanl/RealWithdrawPanel.prefab
Assets/BizzaWZ/Final/Real/UI/StarRatingPopup/StarRatingPopup.prefab
Assets/BizzaWZ/Final/Real/UI/WithdrawDanPanel/WithdrawDanPanel.prefab
Assets/BizzaWZ/Final/Real/UI/WithdrawHistory/WithdrawHistory.prefab"
Assets/BizzaWZ/Common/BizzaGame/Z_ReplaceAssets/UI_Frame/Common/Btn_Normael.png,05b69e6fdd0075148a8428f2608ccfa2,336,139,"{x: 0, y: 0, z: 0, w: 0}",12,"{""{r: 1, g: 1, b: 1, a: 1}"": 14}","Assets/BizzaWZ/Common/BizzaGame/LosePanel/LosePanel.prefab
Assets/BizzaWZ/Final/Real/UI/AddPropPanel/AddPropPanel.prefab
Assets/BizzaWZ/Final/Real/UI/DailyMissionPanel/DailyMissionPanel.prefab
Assets/BizzaWZ/Final/Real/UI/ExchangeRatePanel/ExchangeRatePanel.prefab
Assets/BizzaWZ/Final/Real/UI/FakeWithdrawPanel/FakeWithdrawPanel.prefab
Assets/BizzaWZ/Final/Real/UI/RealWithdrawalPanl/RealWithdrawPanel.prefab
Assets/BizzaWZ/Final/Real/UI/StarRatingPopup/StarRatingPopup.prefab
Assets/BizzaWZ/Final/Real/UI/UIWithdrawalConfirmPanel/UIWithdrawalConfirmPanel.prefab
Assets/BizzaWZ/Final/Real/UI/UIWithdrawalPendingPanel/UIWithdrawalPendingPanel.prefab
Assets/BizzaWZ/Final/Real/UI/WithdrawDanPanel/WithdrawDanItem.prefab
Assets/BizzaWZ/Final/Real/UI/WithdrawDanPanel/WithdrawDanPanel.prefab
Assets/BizzaWZ/Final/Real/UI/WithdrawFillPanel/WithdrawFillPanel.prefab"
Assets/BizzaWZ/Common/BizzaGame/Z_ReplaceAssets/UI_Frame/Common/Common_Title.png,9dded7b60f156344ea9fcf1c64945d7c,1011,237,"{x: 0, y: 0, z: 0, w: 0}",12,"{""{r: 1, g: 1, b: 1, a: 1}"": 5}","Assets/BizzaWZ/Common/BizzaGame/LosePanel/LosePanel.prefab
Assets/BizzaWZ/Common/UI/SettingPanel/PausePanel.prefab
Assets/BizzaWZ/Final/MenuSystem/Common/Task/UIDailyTaskPage.prefab
Assets/BizzaWZ/Final/Real/UI/AddPropPanel/AddPropPanel.prefab
Assets/BizzaWZ/Final/Real/UI/DailyMissionPanel/DailyMissionPanel.prefab
Assets/BizzaWZ/Final/Real/UI/DailyWithdrawPanel/DailyWithdrawPanel.prefab
Assets/BizzaWZ/Final/Real/UI/ExchangeRatePanel/ExchangeRatePanel.prefab
Assets/BizzaWZ/Final/Real/UI/FAQPanel/FAQPanel.prefab
Assets/BizzaWZ/Final/Real/UI/GetRewardPanel/GetRewardPanel.prefab
Assets/BizzaWZ/Final/Real/UI/NewbieGiftPage/NewbieGiftPage.prefab
Assets/BizzaWZ/Final/Real/UI/RealWithdrawalPanl/RealWithdrawPanel.prefab
Assets/BizzaWZ/Final/Real/UI/WithdrawHistory/WithdrawHistory.prefab"
Assets/BizzaWZ/Common/BizzaGame/Z_ReplaceAssets/UI_Frame/Common/bg_InPanel.png,8428b216e4535e641a006c4f98bd0792,785,333,"{x: 392.5, y: 166.5, z: 392.5, w: 166.5}",9,"{""{r: 1, g: 1, b: 1, a: 1}"": 9, ""{r: 1, g: 1, b: 1, a: 0.98039216}"": 1}","Assets/BizzaWZ/Common/UI/SettingPanel/PausePanel.prefab
Assets/BizzaWZ/Final/Framework/Runtime/Module/Teach/UITeach/UITeachTipsPage.prefab
Assets/BizzaWZ/Final/Real/UI/AddPropPanel/AddPropPanel.prefab
Assets/BizzaWZ/Final/Real/UI/DailyMissionPanel/DailyMissionPanel.prefab
Assets/BizzaWZ/Final/Real/UI/ExchangeRatePanel/ExchangeRatePanel.prefab
Assets/BizzaWZ/Final/Real/UI/FakeWithdrawPanel/FakeWithdrawPanel.prefab
Assets/BizzaWZ/Final/Real/UI/RealWithdrawalPanl/RealWithdrawPanel.prefab
Assets/BizzaWZ/Final/Real/UI/StarRatingPopup/StarRatingPopup.prefab
Assets/BizzaWZ/Final/Real/UI/WithdrawDanPanel/WithdrawDanPanel.prefab"
Assets/BizzaWZ/Common/BizzaGame/Z_ReplaceAssets/UI_Frame/Common/Btn_Close.png,98e1d0aa4c8f2f146a6d40edbf6d0fbe,60,60,"{x: 0, y: 0, z: 0, w: 0}",8,"{""{r: 1, g: 1, b: 1, a: 1}"": 8}","Assets/BizzaWZ/Common/UI/SettingPanel/PausePanel.prefab
Assets/BizzaWZ/Final/MenuSystem/Common/Task/UIDailyTaskPage.prefab
Assets/BizzaWZ/Final/Real/UI/AddPropPanel/AddPropPanel.prefab
Assets/BizzaWZ/Final/Real/UI/DailyMissionPanel/DailyMissionPanel.prefab
Assets/BizzaWZ/Final/Real/UI/DailyWithdrawPanel/DailyWithdrawPanel.prefab
Assets/BizzaWZ/Final/Real/UI/ExchangeRatePanel/ExchangeRatePanel.prefab
Assets/BizzaWZ/Final/Real/UI/FAQPanel/FAQPanel.prefab
Assets/BizzaWZ/Final/Real/UI/WithdrawHistory/WithdrawHistory.prefab"
Assets/BizzaWZ/Final/BizzaGame/Z_ReplaceAssets/UI_Frame/Common/Btn_CanWithdraw.png,a73c19b904db65e4d903c3269883fda4,336,139,"{x: 0, y: 0, z: 0, w: 0}",6,"{""{r: 1, g: 1, b: 1, a: 1}"": 5}","Assets/BizzaWZ/Common/BizzaGame/LosePanel/LosePanel.prefab
Assets/BizzaWZ/Final/Real/UI/DailyMissionPanel/DailyMissionPanel.prefab
Assets/BizzaWZ/Final/Real/UI/DailyWithdrawPanel/DailyWithdrawPanel.prefab
Assets/BizzaWZ/Final/Real/UI/NewbieGiftPage/NewbieGiftPage.prefab
Assets/BizzaWZ/Final/Real/UI/RealWithdrawalPanl/RealWithdrawPanel.prefab
Assets/BizzaWZ/Final/Real/UI/WithdrawDanPanel/WithdrawDanItem.prefab"
Assets/BizzaWZ/Final/BizzaGame/Z_ReplaceAssets/UI_Frame/Common/Icon_AD.png,ca0ef569827dbf5419e6308cdcbc1517,87,89,"{x: 0, y: 0, z: 0, w: 0}",5,"{""{r: 1, g: 1, b: 1, a: 1}"": 5}","Assets/BizzaWZ/Common/BizzaGame/LosePanel/LosePanel.prefab
Assets/BizzaWZ/Final/Real/UI/AddPropPanel/AddPropPanel.prefab
Assets/BizzaWZ/Final/Real/UI/DailyMissionPanel/DailyMissionPanel.prefab
Assets/BizzaWZ/Final/Real/UI/GetRewardPanel/GetRewardPanel.prefab
Assets/BizzaWZ/Final/Real/UI/SlotsPanel/BingoAsset/Assets/UiPrefab/SlotMachineGroup.prefab"
Assets/BizzaWZ/Final/BizzaGame/Z_ReplaceAssets/UI_Frame/RealWithdrawPanel/Icon_Back.png,c67b1e0028bea574fa4b4a90c5e761f8,104,104,"{x: 0, y: 0, z: 0, w: 0}",5,"{""{r: 1, g: 1, b: 1, a: 1}"": 5}","Assets/BizzaWZ/Final/Real/UI/FakeWithdrawPanel/FakeWithdrawPanel.prefab
Assets/BizzaWZ/Final/Real/UI/RealWithdrawalPanl/RealWithdrawPanel.prefab
Assets/BizzaWZ/Final/Real/UI/ServicePanel/ServicePanel.prefab
Assets/BizzaWZ/Final/Real/UI/SlotsPanel/SlotPanel/SlotPanel.prefab
Assets/BizzaWZ/Final/Real/UI/WithdrawDanPanel/WithdrawDanPanel.prefab"
Assets/BizzaWZ/Final/BizzaGame/Z_ReplaceAssets/UI_Frame/RealWithdrawPanel/Icon_ChannelSelected.png,ca905ac5b83284545a0cc835a6cc6efc,94,90,"{x: 0, y: 0, z: 0, w: 0}",5,"{""{r: 1, g: 1, b: 1, a: 1}"": 5}","Assets/BizzaWZ/Final/Real/UI/FakeWithdrawPanel/WithdrawAmountItem.prefab
Assets/BizzaWZ/Final/Real/UI/RealWithdrawalPanl/RealWithdrawPanel.prefab
Assets/BizzaWZ/Final/Real/UI/RealWithdrawalPanl/WithdrawLevelItem.prefab
Assets/BizzaWZ/Final/Real/UI/RealWithdrawalPanl/WithdrawWay.prefab
Assets/BizzaWZ/Final/Real/UI/WithdrawFillPanel/WithdrawFillPanel.prefab"
Assets/BizzaWZ/Final/BizzaGame/Z_ReplaceAssets/UI_Frame/RealWithdrawPanel/Icon_FAQ.png,28bc6b4dc88d8234e8d7ca737df27c9d,104,104,"{x: 0, y: 0, z: 0, w: 0}",5,"{""{r: 1, g: 1, b: 1, a: 1}"": 5}","Assets/BizzaWZ/Final/Real/UI/FakeWithdrawPanel/FakeWithdrawPanel.prefab
Assets/BizzaWZ/Final/Real/UI/RealWithdrawalPanl/RealWithdrawPanel.prefab
Assets/BizzaWZ/Final/Real/UI/ServicePanel/ServicePanel.prefab
Assets/BizzaWZ/Final/Real/UI/SlotsPanel/SlotPanel/SlotPanel.prefab
Assets/BizzaWZ/Final/Real/UI/WithdrawDanPanel/WithdrawDanPanel.prefab"
Assets/BizzaWZ/Final/BizzaGame/Z_ReplaceAssets/UI_Frame/RealWithdrawPanel/Icon_Historiy.png,44c2c729bd5685044965177bf881fe05,104,104,"{x: 0, y: 0, z: 0, w: 0}",4,"{""{r: 1, g: 1, b: 1, a: 1}"": 4}","Assets/BizzaWZ/Final/Real/UI/FakeWithdrawPanel/FakeWithdrawPanel.prefab
Assets/BizzaWZ/Final/Real/UI/RealWithdrawalPanl/RealWithdrawPanel.prefab
Assets/BizzaWZ/Final/Real/UI/ServicePanel/ServicePanel.prefab
Assets/BizzaWZ/Final/Real/UI/WithdrawDanPanel/WithdrawDanPanel.prefab"
Assets/BizzaWZ/Common/BizzaGame/Z_ReplaceAssets/UI_Frame/GamePanel/Bg_PropAddTip.png,1429c34e0589ee24590d0ee5137c5111,200,200,"{x: 0, y: 0, z: 0, w: 0}",3,"{""{r: 1, g: 1, b: 1, a: 1}"": 4}","Assets/BizzaWZ/Common/UI/GamePanel/UIPropEntry.prefab
Assets/BizzaWZ/Final/Real/UI/BadgeAndDaily/ItemForCountry.prefab
Assets/BizzaWZ/Final/Real/UI/GamePanel/Resources/Resources/GameUiWidget.prefab"
Assets/BizzaWZ/Final/BizzaGame/Z_ReplaceAssets/UI_Frame/FakeWithdrawPanel/Bg_FakeWithdraw.png,6a0d9e8cd20308c49bca7cd398e9af80,900,169,"{x: 30, y: 28, z: 30, w: 28}",3,"{""{r: 1, g: 1, b: 1, a: 1}"": 3}","Assets/BizzaWZ/Final/Real/UI/FakeWithdrawPanel/WithdrawAmountItem.prefab
Assets/BizzaWZ/Final/Real/UI/RealWithdrawalPanl/WithdrawInfo.prefab
Assets/BizzaWZ/Final/Real/UI/WithdrawDanPanel/WithdrawDanItem.prefab"
Assets/BizzaWZ/Final/BizzaGame/Z_ReplaceAssets/UI_Frame/RealWithdrawPanel/bg_RealWithdraw.png,c50b85181a7231e45a454d938e55dab5,1080,2340,"{x: 0, y: 0, z: 0, w: 0}",3,"{""{r: 1, g: 1, b: 1, a: 1}"": 3}","Assets/BizzaWZ/Final/Real/UI/FakeWithdrawPanel/FakeWithdrawPanel.prefab
Assets/BizzaWZ/Final/Real/UI/RealWithdrawalPanl/RealWithdrawPanel.prefab
Assets/BizzaWZ/Final/Real/UI/WithdrawDanPanel/WithdrawDanPanel.prefab"
Assets/BizzaWZ/Final/BizzaGame/Z_ReplaceAssets/UI_Frame/RealWithdrawPanel/bg_top.png,b508f77ce7fa5784cbef12cf188442a0,1080,163,"{x: 0, y: 0, z: 0, w: 0}",3,"{""{r: 1, g: 1, b: 1, a: 1}"": 3}","Assets/BizzaWZ/Final/Real/UI/FakeWithdrawPanel/FakeWithdrawPanel.prefab
Assets/BizzaWZ/Final/Real/UI/RealWithdrawalPanl/RealWithdrawPanel.prefab
Assets/BizzaWZ/Final/Real/UI/WithdrawDanPanel/WithdrawDanPanel.prefab"
Assets/BizzaWZ/Final/BizzaGame/Z_ReplaceAssets/UI_Frame/SlotPanel/SlotIcon/Icon_SlotElement1.png,e34b24831d150bf4bb6fbe6811001817,94,109,"{x: 0, y: 0, z: 0, w: 0}",3,"{""{r: 1, g: 1, b: 1, a: 1}"": 4}","Assets/BizzaWZ/Final/Real/UI/SlotsPanel/BingoAsset/Assets/UiPrefab/SlotMachineGroup.prefab
Assets/BizzaWZ/Final/Real/UI/SlotsPanel/SlotFQAPanel/SlotFQAPanel.prefab
Assets/BizzaWZ/Final/Real/UI/SlotsPanel/SlotPanel/SlotPanel.prefab"
Assets/BizzaWZ/Final/BizzaGame/Z_ReplaceAssets/UI_Frame/SlotPanel/SlotIcon/Icon_SlotElement3.png,cbb7ab6fa8571b14a87b99809f76d417,97,100,"{x: 0, y: 0, z: 0, w: 0}",3,"{""{r: 1, g: 1, b: 1, a: 1}"": 4}","Assets/BizzaWZ/Final/Real/UI/SlotsPanel/BingoAsset/Assets/UiPrefab/SlotMachineGroup.prefab
Assets/BizzaWZ/Final/Real/UI/SlotsPanel/SlotFQAPanel/SlotFQAPanel.prefab
Assets/BizzaWZ/Final/Real/UI/SlotsPanel/SlotPanel/SlotPanel.prefab"
Assets/BizzaWZ/Final/BizzaGame/Z_ReplaceAssets/UI_Frame/Withdrawal/Bg_WithdrawFill.png,b97f03bec8fd55a43b8eaac350c0549a,818,1228,"{x: 146, y: 153, z: 138, w: 247}",3,"{""{r: 1, g: 1, b: 1, a: 1}"": 3}","Assets/BizzaWZ/Final/Real/UI/UIWithdrawalConfirmPanel/UIWithdrawalConfirmPanel.prefab
Assets/BizzaWZ/Final/Real/UI/UIWithdrawalPendingPanel/UIWithdrawalPendingPanel.prefab
Assets/BizzaWZ/Final/Real/UI/WithdrawFillPanel/WithdrawFillPanel.prefab"
Assets/BizzaWZ/Final/BizzaGame/Z_ReplaceAssets/UI_Frame/Withdrawal/Icon_CloseFillPanel.png,d1061154707a9994bbdf7622aa683bb8,89,89,"{x: 0, y: 0, z: 0, w: 0}",3,"{""{r: 1, g: 1, b: 1, a: 1}"": 3}","Assets/BizzaWZ/Final/Real/UI/UIWithdrawalConfirmPanel/UIWithdrawalConfirmPanel.prefab
Assets/BizzaWZ/Final/Real/UI/UIWithdrawalPendingPanel/UIWithdrawalPendingPanel.prefab
Assets/BizzaWZ/Final/Real/UI/WithdrawFillPanel/WithdrawFillPanel.prefab"
Assets/BizzaWZ/Common/BizzaGame/Z_ReplaceAssets/UI_Frame/Common/Btn_Green.png,4d499201a6cd89c40ab7b6f1ddd31024,414,172,"{x: 207, y: 85, z: 207, w: 87}",2,"{""{r: 1, g: 1, b: 1, a: 1}"": 2}","Assets/BizzaWZ/Final/FunctionTools/CommonPublic/UI/CommonConfirmTipsPanel.prefab
Assets/BizzaWZ/Final/Real/UI/GetRewardPanel/GetRewardPanel.prefab"
Assets/BizzaWZ/Common/BizzaGame/Z_ReplaceAssets/UI_Frame/Common/bg_HintReward.png,849b2b4e90864534185e5ad046f3365c,215,169,"{x: 0, y: 0, z: 0, w: 0}",2,"{""{r: 1, g: 1, b: 1, a: 1}"": 2}","Assets/BizzaWZ/Final/Real/UI/AddPropPanel/AddPropPanel.prefab
Assets/BizzaWZ/Final/Real/UI/RealWithdrawalPanl/BonusRate.prefab"
Assets/BizzaWZ/Common/BizzaGame/Z_ReplaceAssets/UI_Frame/GamePanel/Bg_DanEnter.png,7b88d064bb1076748b63a461ea86ca31,177,48,"{x: 88, y: 24, z: 89, w: 24}",2,"{""{r: 1, g: 1, b: 1, a: 1}"": 2}","Assets/BizzaWZ/Final/Real/UI/BadgeAndDaily/ItemForCountry.prefab
Assets/BizzaWZ/Final/Real/UI/GamePanel/Resources/Resources/GameUiWidget.prefab"
Assets/BizzaWZ/Common/BizzaGame/Z_ReplaceAssets/UI_Frame/Loading/Bg_LoadingFill.png,cef33172f4ed4264d95e4febe8939ed5,852,51,"{x: 18, y: 0, z: 18, w: 0}",2,"{""{r: 1, g: 1, b: 1, a: 1}"": 2}","Assets/BizzaWZ/Common/MenuSystem/Common/LoadingPanel/LoadingPanel.prefab
Assets/BizzaWZ/Final/Real/UI/WithdrawDanPanel/WithdrawDanItem.prefab"
Assets/BizzaWZ/Final/BizzaGame/Z_ReplaceAssets/UI_Frame/Common/Btn_Claimed.png,60f1633aec50f3b4292c5a538b89344c,336,139,"{x: 0, y: 0, z: 0, w: 0}",2,"{""{r: 1, g: 1, b: 1, a: 1}"": 2}","Assets/BizzaWZ/Final/Real/UI/DailyMissionPanel/DailyMissionPanel.prefab
Assets/BizzaWZ/Final/Real/UI/WithdrawDanPanel/WithdrawDanItem.prefab"
Assets/BizzaWZ/Final/BizzaGame/Z_ReplaceAssets/UI_Frame/DailyMissionPanel/InDailyMissionIcon.png,2b5fd4d3c59c9f446bfe8fcdff5d38c6,151,150,"{x: 0, y: 0, z: 0, w: 0}",2,"{""{r: 1, g: 1, b: 1, a: 1}"": 2}","Assets/BizzaWZ/Final/Real/UI/DailyMissionPanel/DailyMissionPanel.prefab
Assets/BizzaWZ/Final/Real/UI/GamePanel/Resources/Resources/GameUiWidget.prefab"
Assets/BizzaWZ/Final/BizzaGame/Z_ReplaceAssets/UI_Frame/DailyTask/Task_Elementbg.png,2c42895df86c58744bca3d536e0289a3,802,190,"{x: 0, y: 0, z: 0, w: 0}",2,"{""{r: 1, g: 1, b: 1, a: 1}"": 2, ""{r: 0, g: 0, b: 0, a: 0.43137255}"": 1}","Assets/BizzaWZ/Final/MenuSystem/Common/Task/UIDailyTaskElement.prefab
Assets/BizzaWZ/Final/Real/UI/RealWithdrawalPanl/DailyBonusItem.prefab"
Assets/BizzaWZ/Final/BizzaGame/Z_ReplaceAssets/UI_Frame/DailyTask/Task_ProgressBg.png,f503f13c45fd44a48893bd59d7b19a02,481,65,"{x: 239, y: 33, z: 238, w: 32}",2,"{""{r: 1, g: 1, b: 1, a: 1}"": 2}","Assets/BizzaWZ/Final/MenuSystem/Common/Task/UIDailyTaskElement.prefab
Assets/BizzaWZ/Final/Real/UI/UIWithdrawalPendingPanel/UIWithdrawalPendingPanel.prefab"
Assets/BizzaWZ/Final/BizzaGame/Z_ReplaceAssets/UI_Frame/DailyTask/Task_ProgressFill.png,b4605b0b0e6a4164b808458061b7cb67,481,65,"{x: 0, y: 0, z: 0, w: 0}",2,"{""{r: 0.38, g: 1, b: 0.06, a: 1}"": 1, ""{r: 1, g: 1, b: 1, a: 1}"": 1}","Assets/BizzaWZ/Final/MenuSystem/Common/Task/UIDailyTaskElement.prefab
Assets/BizzaWZ/Final/Real/UI/UIWithdrawalPendingPanel/UIWithdrawalPendingPanel.prefab"
Assets/BizzaWZ/Final/BizzaGame/Z_ReplaceAssets/UI_Frame/DanPanel/Icon_DanLevel1.png,0628dcfa729fb954e90a47a1d841653a,200,200,"{x: 0, y: 0, z: 0, w: 0}",2,"{""{r: 1, g: 1, b: 1, a: 1}"": 1}","Assets/BizzaWZ/Final/Real/UI/GamePanel/Resources/Resources/GameUiWidget.prefab
Assets/BizzaWZ/Final/Real/UI/WithdrawDanPanel/WithdrawDanPanel.prefab"
Assets/BizzaWZ/Final/BizzaGame/Z_ReplaceAssets/UI_Frame/DanPanel/Icon_DanLevel2.png,d123118e5219da94396edc667b49f4ef,200,200,"{x: 0, y: 0, z: 0, w: 0}",2,{},"Assets/BizzaWZ/Final/Real/UI/GamePanel/Resources/Resources/GameUiWidget.prefab
Assets/BizzaWZ/Final/Real/UI/WithdrawDanPanel/WithdrawDanPanel.prefab"
Assets/BizzaWZ/Final/BizzaGame/Z_ReplaceAssets/UI_Frame/DanPanel/Icon_DanLevel3.png,2b313eb887d28ba4e80acf8ccbf4f2fd,200,200,"{x: 0, y: 0, z: 0, w: 0}",2,{},"Assets/BizzaWZ/Final/Real/UI/GamePanel/Resources/Resources/GameUiWidget.prefab
Assets/BizzaWZ/Final/Real/UI/WithdrawDanPanel/WithdrawDanPanel.prefab"
Assets/BizzaWZ/Final/BizzaGame/Z_ReplaceAssets/UI_Frame/DanPanel/Icon_DanLevel4.png,6673977c46b13e34db8877584e431ef8,200,200,"{x: 0, y: 0, z: 0, w: 0}",2,{},"Assets/BizzaWZ/Final/Real/UI/GamePanel/Resources/Resources/GameUiWidget.prefab
Assets/BizzaWZ/Final/Real/UI/WithdrawDanPanel/WithdrawDanPanel.prefab"
Assets/BizzaWZ/Final/BizzaGame/Z_ReplaceAssets/UI_Frame/DanPanel/Icon_DanLevel5.png,bc90b43da8fa8eb43b45da99d53439a7,200,200,"{x: 0, y: 0, z: 0, w: 0}",2,{},"Assets/BizzaWZ/Final/Real/UI/GamePanel/Resources/Resources/GameUiWidget.prefab
Assets/BizzaWZ/Final/Real/UI/WithdrawDanPanel/WithdrawDanPanel.prefab"
Assets/BizzaWZ/Final/BizzaGame/Z_ReplaceAssets/UI_Frame/DanPanel/Icon_DanLevel6.png,62037504b66466248b6461338c3d9433,200,200,"{x: 0, y: 0, z: 0, w: 0}",2,{},"Assets/BizzaWZ/Final/Real/UI/GamePanel/Resources/Resources/GameUiWidget.prefab
Assets/BizzaWZ/Final/Real/UI/WithdrawDanPanel/WithdrawDanPanel.prefab"
Assets/BizzaWZ/Final/BizzaGame/Z_ReplaceAssets/UI_Frame/DanPanel/Icon_DanLevel7.png,30eaeb489655b2e4180efde578dbefe2,200,200,"{x: 0, y: 0, z: 0, w: 0}",2,{},"Assets/BizzaWZ/Final/Real/UI/GamePanel/Resources/Resources/GameUiWidget.prefab
Assets/BizzaWZ/Final/Real/UI/WithdrawDanPanel/WithdrawDanPanel.prefab"
Assets/BizzaWZ/Final/BizzaGame/Z_ReplaceAssets/UI_Frame/ExchangeRatePanel/Icon_ExchangeRateUp.png,3d3aa0cd5c7116d469abbb966db52a34,91,118,"{x: 0, y: 0, z: 0, w: 0}",2,"{""{r: 1, g: 1, b: 1, a: 1}"": 2}","Assets/BizzaWZ/Final/Real/UI/ExchangeRatePanel/ExchangeRatePanel.prefab
Assets/BizzaWZ/Final/Real/UI/RealWithdrawalPanl/BonusRate.prefab"
Assets/BizzaWZ/Final/BizzaGame/Z_ReplaceAssets/UI_Frame/FakeWithdrawPanel/Bg_FakeProgress.png,6621a7d21c37ccb47b0dc5c39f61864c,906,77,"{x: 0, y: 0, z: 0, w: 0}",2,"{""{r: 1, g: 1, b: 1, a: 1}"": 2}","Assets/BizzaWZ/Final/Real/UI/FakeWithdrawPanel/FakeWithdrawPanel.prefab
Assets/BizzaWZ/Final/Real/UI/WithdrawDanPanel/WithdrawDanPanel.prefab"
Assets/BizzaWZ/Final/BizzaGame/Z_ReplaceAssets/UI_Frame/FakeWithdrawPanel/Bg_FakeProgressFill.png,e04693e97e9fe36408acb1404504b889,906,77,"{x: 0, y: 0, z: 0, w: 0}",2,"{""{r: 1, g: 1, b: 1, a: 1}"": 2}","Assets/BizzaWZ/Final/Real/UI/FakeWithdrawPanel/FakeWithdrawPanel.prefab
Assets/BizzaWZ/Final/Real/UI/WithdrawDanPanel/WithdrawDanPanel.prefab"
Assets/BizzaWZ/Final/BizzaGame/Z_ReplaceAssets/UI_Frame/GetRewardPanel/Bg_RewardMax.png,b192281fb25bf0f40b91e6cb4967a942,321,101,"{x: 0, y: 0, z: 0, w: 0}",2,"{""{r: 1, g: 1, b: 1, a: 1}"": 3}","Assets/BizzaWZ/Final/Real/UI/GetRewardPanel/GetRewardPanel.prefab
Assets/BizzaWZ/Final/Real/UI/NewbieGiftPage/NewbieGiftPage.prefab"
Assets/BizzaWZ/Final/BizzaGame/Z_ReplaceAssets/UI_Frame/ServicePanel/front_ba.png,34b657afeea3a404a9328d5f74b61685,955,315,"{x: 0, y: 0, z: 0, w: 0}",2,"{""{r: 1, g: 1, b: 1, a: 1}"": 2, ""{r: 1, g: 1, b: 1, a: 0}"": 8}","Assets/BizzaWZ/Final/Real/UI/ServicePanel/ServicePanel.prefab
Assets/BizzaWZ/Final/Real/UI/ServiceSelectPanel/ServiceSelectPanel.prefab"
Assets/BizzaWZ/Final/BizzaGame/Z_ReplaceAssets/UI_Frame/SlotPanel/SlotEnter/SlotEnter_ProgressFill.png,487488ba46dda21439c86347675264c8,404,30,"{x: 15, y: 0, z: 15, w: 0}",2,"{""{r: 1, g: 1, b: 1, a: 1}"": 2}","Assets/BizzaWZ/Final/Real/UI/GetRewardPanel/GetRewardPanel.prefab
Assets/BizzaWZ/Final/Real/UI/SlotsPanel/SlotEnter/SlotEnter.prefab"
Assets/BizzaWZ/Final/BizzaGame/Z_ReplaceAssets/UI_Frame/SlotPanel/SlotIcon/Icon_SlotElement2.png,f04f33a5e9b78c245962dfb7e125da8e,97,122,"{x: 0, y: 0, z: 0, w: 0}",2,"{""{r: 1, g: 1, b: 1, a: 1}"": 4}","Assets/BizzaWZ/Final/Real/UI/SlotsPanel/BingoAsset/Assets/UiPrefab/SlotMachineGroup.prefab
Assets/BizzaWZ/Final/Real/UI/SlotsPanel/SlotFQAPanel/SlotFQAPanel.prefab"
Assets/BizzaWZ/Final/BizzaGame/Z_ReplaceAssets/UI_Frame/SlotPanel/SlotIcon/Icon_SlotElement4.png,522bbe5d8c00a9b4483b267b22d3d4ba,99,118,"{x: 0, y: 0, z: 0, w: 0}",2,"{""{r: 1, g: 1, b: 1, a: 1}"": 3}","Assets/BizzaWZ/Final/Real/UI/SlotsPanel/BingoAsset/Assets/UiPrefab/SlotMachineGroup.prefab
Assets/BizzaWZ/Final/Real/UI/SlotsPanel/SlotFQAPanel/SlotFQAPanel.prefab"
Assets/BizzaWZ/Final/BizzaGame/Z_ReplaceAssets/UI_Frame/SlotPanel/SlotIcon/Icon_SlotElement5.png,3429d6fc3b94c294990b042c39ad201b,106,87,"{x: 0, y: 0, z: 0, w: 0}",2,"{""{r: 1, g: 1, b: 1, a: 1}"": 3}","Assets/BizzaWZ/Final/Real/UI/SlotsPanel/BingoAsset/Assets/UiPrefab/SlotMachineGroup.prefab
Assets/BizzaWZ/Final/Real/UI/SlotsPanel/SlotFQAPanel/SlotFQAPanel.prefab"
Assets/BizzaWZ/Final/BizzaGame/Z_ReplaceAssets/UI_Frame/SlotPanel/SlotOther/Bg_Slot.png,41f6e9e015539d04bbc5d850e8f35b0d,1080,2340,"{x: 0, y: 0, z: 0, w: 0}",2,"{""{r: 1, g: 1, b: 1, a: 1}"": 2}","Assets/BizzaWZ/Final/Real/UI/SlotsPanel/SlotFQAPanel/SlotFQAPanel.prefab
Assets/BizzaWZ/Final/Real/UI/SlotsPanel/SlotPanel/SlotPanel.prefab"
Assets/BizzaWZ/Final/BizzaGame/Z_ReplaceAssets/UI_Frame/SlotPanel/SlotOther/Btn_Slot.png,ccffe6fa2120f70428ebaf6b8d0fe53d,310,121,"{x: 68, y: 50, z: 66, w: 26}",2,"{""{r: 1, g: 1, b: 1, a: 1}"": 2}","Assets/BizzaWZ/Final/Real/UI/SlotsPanel/BingoAsset/Assets/UiPrefab/SlotMachineGroup.prefab
Assets/BizzaWZ/Final/Real/UI/SlotsPanel/SlotFQAPanel/SlotFQAPanel.prefab"
Assets/BizzaWZ/Final/BizzaGame/Z_ReplaceAssets/UI_Frame/SlotPanel/SlotOther/Btn_SlotOk.png,f53e0e047e51faa4ba9a3e28e5755517,138,78,"{x: 0, y: 0, z: 0, w: 0}",2,"{""{r: 1, g: 1, b: 1, a: 1}"": 2}","Assets/BizzaWZ/Final/Real/UI/SlotsPanel/SlotFQAPanel/SlotFQAPanel.prefab
Assets/BizzaWZ/Final/Real/UI/SlotsPanel/SlotPanel/SlotPanel.prefab"
Assets/BizzaWZ/Common/BizzaGame/Z_ReplaceAssets/UI_Frame/Common/TransitionsImg.png,a4c91cea489345b46947679372e89e04,1080,2340,"{x: 0, y: 0, z: 0, w: 0}",1,{},Assets/BizzaWZ/Common/Framework/[GameInstance].prefab
Assets/BizzaWZ/Common/BizzaGame/Z_ReplaceAssets/UI_Frame/GamePanel/Bg_Bubble.png,783b769203bc94f4caee5c01ba6cbbe3,217,218,"{x: 0, y: 0, z: 0, w: 0}",1,"{""{r: 1, g: 1, b: 1, a: 1}"": 2}",Assets/BizzaWZ/Final/Real/UI/GamePanel/UIBizzaAAA.prefab
Assets/BizzaWZ/Common/BizzaGame/Z_ReplaceAssets/UI_Frame/GamePanel/Bg_GameTop.png,001395ab2796fcc43ac259c52cea160d,1844,229,"{x: 0, y: 0, z: 0, w: 0}",1,"{""{r: 1, g: 1, b: 1, a: 1}"": 1}",Assets/BizzaWZ/Common/UI/GamePanel/RealGamePanel.prefab
Assets/BizzaWZ/Common/BizzaGame/Z_ReplaceAssets/UI_Frame/GamePanel/Bg_LevelStart.png,a0cbe531c3d7f2c45941609945abd1d2,117,92,"{x: 0, y: 0, z: 0, w: 0}",1,"{""{r: 1, g: 1, b: 1, a: 1}"": 1}",Assets/BizzaWZ/Final/MenuSystem/Common/CurrencyBar/CurrencyBar.prefab
Assets/BizzaWZ/Common/BizzaGame/Z_ReplaceAssets/UI_Frame/GamePanel/CDB_JN_BTN_11.png,e2a1ed3e9b49c474987c46e7f0579a3c,65,65,"{x: 0, y: 0, z: 0, w: 0}",1,"{""{r: 1, g: 1, b: 1, a: 1}"": 1}",Assets/BizzaWZ/Common/UI/GamePanel/UIPropEntry.prefab
Assets/BizzaWZ/Common/BizzaGame/Z_ReplaceAssets/UI_Frame/GamePanel/Icon_Bubble.png,d8e0dab8e175190499aacf53e7e1ef4f,133,117,"{x: 0, y: 0, z: 0, w: 0}",1,"{""{r: 1, g: 1, b: 1, a: 1}"": 1}",Assets/BizzaWZ/Final/Real/UI/GamePanel/UIBizzaAAA.prefab
Assets/BizzaWZ/Common/BizzaGame/Z_ReplaceAssets/UI_Frame/GamePanel/Icon_Setting.png,0fdcfaa6a5a0c994da18c3607abf1937,110,110,"{x: 0, y: 0, z: 0, w: 0}",1,"{""{r: 1, g: 1, b: 1, a: 1}"": 1}",Assets/BizzaWZ/Final/MenuSystem/Common/CurrencyBar/CurrencyBar.prefab
Assets/BizzaWZ/Common/BizzaGame/Z_ReplaceAssets/UI_Frame/GamePanel/Prop_AddTip.png,39fcab4c42ebe63429e84d0b7f7e4500,73,73,"{x: 0, y: 0, z: 0, w: 0}",1,"{""{r: 1, g: 1, b: 1, a: 1}"": 1}",Assets/BizzaWZ/Common/UI/GamePanel/UIPropEntry.prefab
Assets/BizzaWZ/Common/BizzaGame/Z_ReplaceAssets/UI_Frame/GamePanel/bg_Currency.png,1b4491f08b36e4a4c9a04fc5dc50f144,315,95,"{x: 76, y: 48, z: 73, w: 41}",1,"{""{r: 1, g: 1, b: 1, a: 1}"": 2}",Assets/BizzaWZ/Final/MenuSystem/Common/CurrencyBar/CurrencyBar.prefab
Assets/BizzaWZ/Common/BizzaGame/Z_ReplaceAssets/UI_Frame/GamePanel/booster_left_bg.png,3c060793fdd79d74cb8b9ecfbee745d7,352,280,"{x: 0, y: 0, z: 0, w: 0}",1,"{""{r: 1, g: 1, b: 1, a: 1}"": 1}",Assets/BizzaWZ/Common/UI/GamePanel/UIPropEntry.prefab
Assets/BizzaWZ/Common/BizzaGame/Z_ReplaceAssets/UI_Frame/GamePanel/booster_right_lock.png,6f9f55322d7b41d4788b2f7c3a3cc846,84,105,"{x: 0, y: 0, z: 0, w: 0}",1,"{""{r: 1, g: 1, b: 1, a: 1}"": 1}",Assets/BizzaWZ/Common/UI/GamePanel/UIPropEntry.prefab
Assets/BizzaWZ/Common/BizzaGame/Z_ReplaceAssets/UI_Frame/Loading/Bg_Loading.png,c5d106a611bc62544ace3af90a4c99e6,941,1672,"{x: 0, y: 0, z: 0, w: 0}",1,"{""{r: 1, g: 1, b: 1, a: 1}"": 1}",Assets/BizzaWZ/Common/MenuSystem/Common/LoadingPanel/LoadingPanel.prefab
Assets/BizzaWZ/Common/BizzaGame/Z_ReplaceAssets/UI_Frame/Loading/Bg_LoadingProgress.png,5a4a9068724dddc439d6db4ed769a8cb,870,72,"{x: 0, y: 0, z: 0, w: 0}",1,"{""{r: 1, g: 1, b: 1, a: 1}"": 1}",Assets/BizzaWZ/Common/MenuSystem/Common/LoadingPanel/LoadingPanel.prefab
Assets/BizzaWZ/Common/BizzaGame/Z_ReplaceAssets/UI_Frame/Loading/Icon_LoadingLogo.png,1138df11980027047a4394d1d4f4541d,677,450,"{x: 0, y: 0, z: 0, w: 0}",1,"{""{r: 1, g: 1, b: 1, a: 1}"": 1}",Assets/BizzaWZ/Common/MenuSystem/Common/LoadingPanel/LoadingPanel.prefab
Assets/BizzaWZ/Common/BizzaGame/Z_ReplaceAssets/UI_Frame/Loading/Icon_LoadingProgress.png,66233c2ee69480f4f835724902875bea,137,60,"{x: 0, y: 0, z: 0, w: 0}",1,"{""{r: 1, g: 1, b: 1, a: 1}"": 1}",Assets/BizzaWZ/Common/MenuSystem/Common/LoadingPanel/LoadingPanel.prefab
Assets/BizzaWZ/Common/BizzaGame/Z_ReplaceAssets/UI_Frame/Prop/Icon_Prop_1.png,9ff10a21a203364448bd45cd29ffeb35,178,184,"{x: 0, y: 0, z: 0, w: 0}",1,"{""{r: 1, g: 1, b: 1, a: 1}"": 1}",Assets/BizzaWZ/Final/Real/UI/AddPropPanel/AddPropPanel.prefab
Assets/BizzaWZ/Common/BizzaGame/Z_ReplaceAssets/UI_Frame/Prop/Icon_Prop_3.png,cfd2b63289923f84781518fb23a57efe,500,516,"{x: 0, y: 0, z: 0, w: 0}",1,"{""{r: 1, g: 1, b: 1, a: 1}"": 1}",Assets/BizzaWZ/Common/UI/GamePanel/UIPropEntry.prefab
Assets/BizzaWZ/Common/BizzaGame/Z_ReplaceAssets/UI_Frame/SettingPanel/Bg_PauseBack.png,8b037981897238248b407abd442eb5fb,413,171,"{x: 0, y: 0, z: 0, w: 0}",1,"{""{r: 1, g: 1, b: 1, a: 1}"": 1}",Assets/BizzaWZ/Common/UI/SettingPanel/PausePanel.prefab
Assets/BizzaWZ/Common/BizzaGame/Z_ReplaceAssets/UI_Frame/SettingPanel/Bg_PauseCanMusic.png,cc5b680972c24ed4bb11457464223f3c,140,140,"{x: 0, y: 0, z: 0, w: 0}",1,"{""{r: 1, g: 1, b: 1, a: 1}"": 1}",Assets/BizzaWZ/Common/UI/SettingPanel/PausePanel.prefab
Assets/BizzaWZ/Common/BizzaGame/Z_ReplaceAssets/UI_Frame/SettingPanel/Bg_PauseCanShake.png,15d907da07bcf7944af252bf7e17f95b,140,140,"{x: 0, y: 0, z: 0, w: 0}",1,"{""{r: 1, g: 1, b: 1, a: 1}"": 1}",Assets/BizzaWZ/Common/UI/SettingPanel/PausePanel.prefab
Assets/BizzaWZ/Common/BizzaGame/Z_ReplaceAssets/UI_Frame/SettingPanel/Bg_PauseContinue.png,9a3250c38cb231b499f726cf3574db14,413,171,"{x: 206.5, y: 85.5, z: 206.5, w: 85.5}",1,"{""{r: 1, g: 1, b: 1, a: 1}"": 1}",Assets/BizzaWZ/Common/UI/SettingPanel/PausePanel.prefab
Assets/BizzaWZ/Common/BizzaGame/Z_ReplaceAssets/UI_Frame/SettingPanel/Bg_PauseEffectsOff.png,3ac1e65b800d0a2438ea7d31dc3167bb,140,140,"{x: 0, y: 0, z: 0, w: 0}",1,"{""{r: 1, g: 1, b: 1, a: 1}"": 1}",Assets/BizzaWZ/Common/UI/SettingPanel/PausePanel.prefab
Assets/BizzaWZ/Common/BizzaGame/Z_ReplaceAssets/UI_Frame/SettingPanel/Bg_PauseEffectsOn.png,7fd808c70dcad3f45a03cff6226d884d,140,140,"{x: 0, y: 0, z: 0, w: 0}",1,"{""{r: 1, g: 1, b: 1, a: 1}"": 1}",Assets/BizzaWZ/Common/UI/SettingPanel/PausePanel.prefab
Assets/BizzaWZ/Common/BizzaGame/Z_ReplaceAssets/UI_Frame/SettingPanel/Bg_PauseItem.png,8c26a13b0a93d1244b7387c042f11007,188,188,"{x: 0, y: 0, z: 0, w: 0}",1,"{""{r: 1, g: 1, b: 1, a: 1}"": 6}",Assets/BizzaWZ/Common/UI/SettingPanel/PausePanel.prefab
Assets/BizzaWZ/Common/BizzaGame/Z_ReplaceAssets/UI_Frame/SettingPanel/Bg_PauseNotMusic.png,9684f9dfa823ff34d93bd698204d3f5d,140,140,"{x: 0, y: 0, z: 0, w: 0}",1,"{""{r: 1, g: 1, b: 1, a: 1}"": 1}",Assets/BizzaWZ/Common/UI/SettingPanel/PausePanel.prefab
Assets/BizzaWZ/Common/BizzaGame/Z_ReplaceAssets/UI_Frame/SettingPanel/Bg_PauseNotShake.png,8e443b1d19ae67a44a64f29c0c0d1be5,140,140,"{x: 0, y: 0, z: 0, w: 0}",1,"{""{r: 1, g: 1, b: 1, a: 1}"": 1}",Assets/BizzaWZ/Common/UI/SettingPanel/PausePanel.prefab
Assets/BizzaWZ/Final/BizzaGame/Z_ReplaceAssets/UI_Frame/DailyTask/HB_RC_BG_3.png,dd21f8c57400e0544b4edd0af801a114,794,40,"{x: 67, y: 19, z: 40, w: 19}",1,"{""{r: 1, g: 1, b: 1, a: 1}"": 1}",Assets/BizzaWZ/Final/MenuSystem/Common/Task/UIDailyTaskPage.prefab
Assets/BizzaWZ/Final/BizzaGame/Z_ReplaceAssets/UI_Frame/DailyTask/HB_RC_BG_4.png,ce5e2178c64a2e1479eb5aa48abe71cd,794,40,"{x: 59, y: 14, z: 66, w: 17}",1,"{""{r: 1, g: 1, b: 1, a: 1}"": 1}",Assets/BizzaWZ/Final/MenuSystem/Common/Task/UIDailyTaskPage.prefab
Assets/BizzaWZ/Final/BizzaGame/Z_ReplaceAssets/UI_Frame/DailyTask/Task_RewardBg.png,0a76d39c84ffce44db8afc2f767b19a0,160,160,"{x: 53, y: 66, z: 54, w: 65}",1,"{""{r: 1, g: 1, b: 1, a: 1}"": 1}",Assets/BizzaWZ/Final/MenuSystem/Common/Task/UIDailyTaskElement.prefab
Assets/BizzaWZ/Final/BizzaGame/Z_ReplaceAssets/UI_Frame/DanPanel/Bg_DanLevel.png,f0252d311642f0442b4c7e5d506578c6,177,48,"{x: 0, y: 0, z: 0, w: 0}",1,"{""{r: 1, g: 1, b: 1, a: 1}"": 1}",Assets/BizzaWZ/Final/Real/UI/WithdrawDanPanel/WithdrawDanItem.prefab
Assets/BizzaWZ/Final/BizzaGame/Z_ReplaceAssets/UI_Frame/DanPanel/Icon_CanClaim.png,98cf9d83487ea074ebc24446970300d5,169,86,"{x: 84.5, y: 43, z: 84.5, w: 43}",1,"{""{r: 1, g: 1, b: 1, a: 1}"": 1}",Assets/BizzaWZ/Final/Real/UI/RealWithdrawalPanl/DailyBonusItem.prefab
Assets/BizzaWZ/Final/BizzaGame/Z_ReplaceAssets/UI_Frame/DanPanel/Icon_Claimed.png,1f296b394f1e63d42981c43fcf05074d,169,86,"{x: 84.5, y: 43, z: 84.5, w: 43}",1,"{""{r: 1, g: 1, b: 1, a: 1}"": 1}",Assets/BizzaWZ/Final/Real/UI/RealWithdrawalPanl/DailyBonusItem.prefab
Assets/BizzaWZ/Final/BizzaGame/Z_ReplaceAssets/UI_Frame/FakeWithdrawPanel/Bg_FakeCanWithdraw.png,37f3619c85de02849a7d1736e61af3c4,280,184,"{x: 37, y: 35, z: 200, w: 50}",1,"{""{r: 1, g: 1, b: 1, a: 1}"": 1}",Assets/BizzaWZ/Final/Real/UI/FakeWithdrawPanel/WithdrawAmountItem.prefab
Assets/BizzaWZ/Final/BizzaGame/Z_ReplaceAssets/UI_Frame/FakeWithdrawPanel/Bg_FakeNotCanWithdraw.png,afd1c8d9dbf40c7499f129fc3bf2f5d5,280,184,"{x: 0, y: 0, z: 0, w: 0}",1,"{""{r: 1, g: 1, b: 1, a: 1}"": 1}",Assets/BizzaWZ/Final/Real/UI/FakeWithdrawPanel/WithdrawAmountItem.prefab
Assets/BizzaWZ/Final/BizzaGame/Z_ReplaceAssets/UI_Frame/GamePanel/Icon_DailyTask.png,09b819213bf567449aae1c155bb120cf,150,150,"{x: 0, y: 0, z: 0, w: 0}",1,"{""{r: 1, g: 1, b: 1, a: 1}"": 1}",Assets/BizzaWZ/Final/Real/UI/GamePanel/Resources/Resources/GameUiWidget.prefab
Assets/BizzaWZ/Final/BizzaGame/Z_ReplaceAssets/UI_Frame/GetRewardPanel/Bg_DailyAd.png,7d401aa791a2dcc42a72a74ac2d0719d,1033,306,"{x: 516.5, y: 153, z: 516.5, w: 153}",1,"{""{r: 1, g: 1, b: 1, a: 1}"": 1}",Assets/BizzaWZ/Final/Real/UI/GetRewardPanel/GetRewardPanel.prefab
Assets/BizzaWZ/Final/BizzaGame/Z_ReplaceAssets/UI_Frame/GetRewardPanel/Bg_DailyAdProgress.png,dad6510f5fee4404ca6c3110f8272d21,678,71,"{x: 339, y: 35.5, z: 339, w: 35.5}",1,"{""{r: 1, g: 1, b: 1, a: 1}"": 1}",Assets/BizzaWZ/Final/Real/UI/GetRewardPanel/GetRewardPanel.prefab
Assets/BizzaWZ/Final/BizzaGame/Z_ReplaceAssets/UI_Frame/GetRewardPanel/Bg_DollarFill.png,d7f28e8da30c91a44b880ce48ab606f4,678,71,"{x: 339, y: 35.5, z: 339, w: 35.5}",1,"{""{r: 1, g: 1, b: 1, a: 1}"": 1}",Assets/BizzaWZ/Final/Real/UI/GetRewardPanel/GetRewardPanel.prefab
Assets/BizzaWZ/Final/BizzaGame/Z_ReplaceAssets/UI_Frame/GetRewardPanel/Bg_DollardProgress.png,f75a19589102f954fbf59d236dc72825,678,71,"{x: 339, y: 35.5, z: 339, w: 35.5}",1,"{""{r: 1, g: 1, b: 1, a: 1}"": 1}",Assets/BizzaWZ/Final/Real/UI/GetRewardPanel/GetRewardPanel.prefab
Assets/BizzaWZ/Final/BizzaGame/Z_ReplaceAssets/UI_Frame/GetRewardPanel/Bg_Level.png,8ab9ed028df8035418b21f0e21495294,1033,306,"{x: 516.5, y: 153, z: 516.5, w: 153}",1,"{""{r: 1, g: 1, b: 1, a: 1}"": 1}",Assets/BizzaWZ/Final/Real/UI/GetRewardPanel/GetRewardPanel.prefab
Assets/BizzaWZ/Final/BizzaGame/Z_ReplaceAssets/UI_Frame/GetRewardPanel/Btn_GetReward.png,c13a1d985f7ef2b4382833895bb04a11,476,171,"{x: 0, y: 0, z: 0, w: 0}",1,"{""{r: 1, g: 1, b: 1, a: 1}"": 2}",Assets/BizzaWZ/Final/MenuSystem/Common/CurrencyBar/CurrencyBar.prefab
Assets/BizzaWZ/Final/BizzaGame/Z_ReplaceAssets/UI_Frame/GetRewardPanel/Icon_RewardMax.png,bec9d9f52ac4e87428fb6c241a7e7bcc,90,45,"{x: 0, y: 0, z: 0, w: 0}",1,"{""{r: 1, g: 1, b: 1, a: 1}"": 1}",Assets/BizzaWZ/Final/Real/UI/GetRewardPanel/GetRewardPanel.prefab
Assets/BizzaWZ/Final/BizzaGame/Z_ReplaceAssets/UI_Frame/RealWithdrawPanel/Icon_LevelState.png,53af7ab20f079624b9b143c3ade366d2,460,186,"{x: 0, y: 0, z: 0, w: 0}",1,"{""{r: 1, g: 1, b: 1, a: 1}"": 1}",Assets/BizzaWZ/Final/Real/UI/RealWithdrawalPanl/WithdrawLevelItem.prefab
Assets/BizzaWZ/Final/BizzaGame/Z_ReplaceAssets/UI_Frame/RealWithdrawPanel/bg_LevelFrame.png,bfd7423a69f50ad44b8fbab3bea41002,473,252,"{x: 219, y: 118, z: 221, w: 120}",1,"{""{r: 1, g: 1, b: 1, a: 1}"": 1, ""{r: 0, g: 0, b: 0, a: 0.3137255}"": 1, ""{r: 0, g: 0, b: 0, a: 0.3764706}"": 1}",Assets/BizzaWZ/Final/Real/UI/RealWithdrawalPanl/WithdrawLevelItem.prefab
Assets/BizzaWZ/Final/BizzaGame/Z_ReplaceAssets/UI_Frame/ServicePanel/CanSend.png,50c77b016f34d5b458d080151bf6889b,156,73,"{x: 0, y: 0, z: 0, w: 0}",1,"{""{r: 1, g: 1, b: 1, a: 1}"": 1}",Assets/BizzaWZ/Final/Real/UI/ServicePanel/ServicePanel.prefab
Assets/BizzaWZ/Final/BizzaGame/Z_ReplaceAssets/UI_Frame/ServicePanel/Icon_CloseQuickPanel.png,f2f71ff9c92e02b468b1a2b2c487ff85,122,121,"{x: 0, y: 0, z: 0, w: 0}",1,"{""{r: 1, g: 1, b: 1, a: 1}"": 1}",Assets/BizzaWZ/Final/Real/UI/ServiceSelectPanel/ServiceSelectPanel.prefab
Assets/BizzaWZ/Final/BizzaGame/Z_ReplaceAssets/UI_Frame/ServicePanel/Icon_ServiceEnter.png,e9387e209d94ce44b8467ac42da6e133,301,238,"{x: 0, y: 0, z: 0, w: 0}",1,"{""{r: 1, g: 1, b: 1, a: 1}"": 1}",Assets/BizzaWZ/Final/Real/UI/ServicePanel/ServiceBtn.prefab
Assets/BizzaWZ/Final/BizzaGame/Z_ReplaceAssets/UI_Frame/ServicePanel/Icon_ServiceRevert.png,2b1dca8037c0ead43b2e4bf5ad4fc416,64,63,"{x: 0, y: 0, z: 0, w: 0}",1,"{""{r: 1, g: 1, b: 1, a: 1}"": 1}",Assets/BizzaWZ/Final/Real/UI/ServicePanel/ServicePanel.prefab
Assets/BizzaWZ/Final/BizzaGame/Z_ReplaceAssets/UI_Frame/ServicePanel/NotCanSend.png,828768afb11d7aa4592196028ebffa16,157,75,"{x: 0, y: 0, z: 0, w: 0}",1,"{""{r: 1, g: 1, b: 1, a: 1}"": 1}",Assets/BizzaWZ/Final/Real/UI/ServicePanel/ServicePanel.prefab
Assets/BizzaWZ/Final/BizzaGame/Z_ReplaceAssets/UI_Frame/ServicePanel/Quick Reply.png,5272ad8eaf72fe6438d240caced2c283,1032,1226,"{x: 143, y: 379, z: 216, w: 364}",1,"{""{r: 1, g: 1, b: 1, a: 1}"": 1}",Assets/BizzaWZ/Final/Real/UI/ServiceSelectPanel/ServiceSelectPanel.prefab
Assets/BizzaWZ/Final/BizzaGame/Z_ReplaceAssets/UI_Frame/ServicePanel/ServiceTop.png,588eb082587ef8c4aaf811061e390915,1080,329,"{x: 0, y: 0, z: 0, w: 0}",1,"{""{r: 1, g: 1, b: 1, a: 1}"": 1}",Assets/BizzaWZ/Final/Real/UI/ServicePanel/ServicePanel.prefab
Assets/BizzaWZ/Final/BizzaGame/Z_ReplaceAssets/UI_Frame/ServicePanel/Service_bubble_1.png,f082fd961259bdf44924284fca123ff1,417,179,"{x: 54, y: 35, z: 54, w: 40}",1,"{""{r: 1, g: 1, b: 1, a: 1}"": 1}",Assets/BizzaWZ/Final/Real/UI/ServicePanel/ChatElement.prefab
Assets/BizzaWZ/Final/BizzaGame/Z_ReplaceAssets/UI_Frame/ServicePanel/Service_bubble_2.png,63bcb9d246c3a044cb2b5bbec61a0c94,417,179,"{x: 52, y: 37, z: 101, w: 46}",1,"{""{r: 1, g: 1, b: 1, a: 1}"": 1}",Assets/BizzaWZ/Final/Real/UI/ServicePanel/ChatElement.prefab
Assets/BizzaWZ/Final/BizzaGame/Z_ReplaceAssets/UI_Frame/ServicePanel/bg.png,8918d702f679dda44a419fe09057ef64,1080,2400,"{x: 0, y: 0, z: 0, w: 0}",1,"{""{r: 1, g: 1, b: 1, a: 1}"": 1}",Assets/BizzaWZ/Final/Real/UI/ServicePanel/ServicePanel.prefab
Assets/BizzaWZ/Final/BizzaGame/Z_ReplaceAssets/UI_Frame/SlotPanel/SlotEnter/Icon_SlotEnter.png,d17897a087a2ea344b49cde3a98e535f,224,163,"{x: 0, y: 0, z: 0, w: 0}",1,"{""{r: 1, g: 1, b: 1, a: 1}"": 1}",Assets/BizzaWZ/Final/Real/UI/SlotsPanel/SlotEnter/SlotEnter.prefab
Assets/BizzaWZ/Final/BizzaGame/Z_ReplaceAssets/UI_Frame/SlotPanel/SlotEnter/SlotEnter_Progressbg.png,242deba6b5bb20947835ab784455a66a,410,40,"{x: 0, y: 0, z: 0, w: 0}",1,"{""{r: 1, g: 1, b: 1, a: 1}"": 1}",Assets/BizzaWZ/Final/Real/UI/SlotsPanel/SlotEnter/SlotEnter.prefab
Assets/BizzaWZ/Final/BizzaGame/Z_ReplaceAssets/UI_Frame/SlotPanel/SlotEnter/jackpot.png,98902215167c80443b647fdd72025413,994,614,"{x: 0, y: 0, z: 0, w: 0}",1,"{""{r: 1, g: 1, b: 1, a: 1}"": 1}",Assets/BizzaWZ/Final/Real/UI/SlotsPanel/SlotFQAPanel/SlotFQAPanel.prefab
Assets/BizzaWZ/Final/BizzaGame/Z_ReplaceAssets/UI_Frame/SlotPanel/SlotIcon/Bg_SlotElement.png,894cffb134822554090aca3e317bb8d8,110,100,"{x: 0, y: 0, z: 0, w: 0}",1,"{""{r: 1, g: 1, b: 1, a: 1}"": 18}",Assets/BizzaWZ/Final/Real/UI/SlotsPanel/SlotFQAPanel/SlotFQAPanel.prefab
Assets/BizzaWZ/Final/BizzaGame/Z_ReplaceAssets/UI_Frame/SlotPanel/SlotIcon/Icon_SlotElement6.png,83e40449bab8f6e41a5a82bc9b8f9ef9,113,90,"{x: 0, y: 0, z: 0, w: 0}",1,{},Assets/BizzaWZ/Final/Real/UI/SlotsPanel/SlotPanel/SlotPanel.prefab
Assets/BizzaWZ/Final/BizzaGame/Z_ReplaceAssets/UI_Frame/SlotPanel/SlotOther/Bg_SlotFront.png,685566b1ff055c34880ec3cd2fd3cd14,726,420,"{x: 0, y: 0, z: 0, w: 0}",1,"{""{r: 1, g: 1, b: 1, a: 1}"": 1}",Assets/BizzaWZ/Final/Real/UI/SlotsPanel/SlotPanel/SlotPanel.prefab
Assets/BizzaWZ/Final/BizzaGame/Z_ReplaceAssets/UI_Frame/SlotPanel/SlotOther/Bg_SlotGetReward.png,d514695e0bfa3654f8693358d9381778,487,339,"{x: 0, y: 0, z: 0, w: 0}",1,"{""{r: 1, g: 1, b: 1, a: 1}"": 1}",Assets/BizzaWZ/Final/Real/UI/SlotsPanel/SlotPanel/SlotPanel.prefab
Assets/BizzaWZ/Final/BizzaGame/Z_ReplaceAssets/UI_Frame/SlotPanel/SlotOther/Bg_SlotReward.png,02967d2780bac374981f1aefc7375622,310,121,"{x: 68, y: 50, z: 66, w: 26}",1,"{""{r: 1, g: 1, b: 1, a: 1}"": 1}",Assets/BizzaWZ/Final/Real/UI/SlotsPanel/SlotPanel/SlotPanel.prefab
Assets/BizzaWZ/Final/BizzaGame/Z_ReplaceAssets/UI_Frame/SlotPanel/SlotOther/Slot.png,877755ca2e59eba40aee6eadfa1f9bdd,997,1575,"{x: 0, y: 0, z: 0, w: 0}",1,"{""{r: 1, g: 1, b: 1, a: 1}"": 1}",Assets/BizzaWZ/Final/Real/UI/SlotsPanel/BingoAsset/Assets/UiPrefab/SlotMachineGroup.prefab
Assets/BizzaWZ/Final/BizzaGame/Z_ReplaceAssets/UI_Frame/SlotPanel/SlotOther/SlotFrame.png,d54e2edf5d0f87e4894da9b3827d5039,798,794,"{x: 136, y: 118, z: 142, w: 95}",1,"{""{r: 1, g: 1, b: 1, a: 1}"": 1}",Assets/BizzaWZ/Final/Real/UI/SlotsPanel/SlotFQAPanel/SlotFQAPanel.prefab
Assets/BizzaWZ/Final/BizzaGame/Z_ReplaceAssets/UI_Frame/SlotPanel/SlotOther/按键播放.png,08ae619c2a18bbc418e9b80a7e001ce4,84,82,"{x: 0, y: 0, z: 0, w: 0}",1,{},Assets/BizzaWZ/Final/Real/UI/SlotsPanel/SlotPanel/SlotPanel.prefab
Assets/BizzaWZ/Final/BizzaGame/Z_ReplaceAssets/UI_Frame/StarRatingPopup/dark.png,998789391eac9ca45a5998cfca277d88,136,158,"{x: 0, y: 0, z: 0, w: 0}",1,"{""{r: 1, g: 1, b: 1, a: 0.75}"": 5, ""{r: 1, g: 1, b: 1, a: 1}"": 5}",Assets/BizzaWZ/Final/Real/UI/StarRatingPopup/StarRatingPopup.prefab
Assets/BizzaWZ/Final/BizzaGame/Z_ReplaceAssets/UI_Frame/StarRatingPopup/light.png,f367f77d395f30c47b4a326f9b70cdfa,124,121,"{x: 0, y: 0, z: 0, w: 0}",1,{},Assets/BizzaWZ/Final/Real/UI/StarRatingPopup/StarRatingPopup.prefab
Assets/BizzaWZ/Final/BizzaGame/Z_ReplaceAssets/UI_Frame/WithdrawHistory/Bg_WithdrawHistoryItem.png,3f0492f442192cf47bddd23bb0eba2cf,808,221,"{x: 404, y: 110.5, z: 404, w: 110.5}",1,"{""{r: 1, g: 1, b: 1, a: 1}"": 1}",Assets/BizzaWZ/Final/Real/UI/WithdrawHistory/WithdrawHistoryItem.prefab
Assets/BizzaWZ/Final/BizzaGame/Z_ReplaceAssets/UI_Frame/WithdrawHistory/Icon_FailWithdraw.png,efda26392f0ea0240b7e7434e7df93cf,160,55,"{x: 0, y: 0, z: 0, w: 0}",1,"{""{r: 1, g: 1, b: 1, a: 1}"": 1}",Assets/BizzaWZ/Final/Real/UI/WithdrawHistory/WithdrawHistoryItem.prefab
Assets/BizzaWZ/Final/BizzaGame/Z_ReplaceAssets/UI_Frame/WithdrawHistory/Icon_SuccessWithdraw.png,52d1ef7c44a4a334db16a392a5641b1b,160,55,"{x: 0, y: 0, z: 0, w: 0}",1,"{""{r: 1, g: 1, b: 1, a: 1}"": 1}",Assets/BizzaWZ/Final/Real/UI/WithdrawHistory/WithdrawHistoryItem.prefab
Assets/BizzaWZ/Final/BizzaGame/Z_ReplaceAssets/UI_Frame/WithdrawHistory/Icon_WaitWithdraw.png,9e48663a6d8a64349aca96870dc4852d,160,55,"{x: 0, y: 0, z: 0, w: 0}",1,"{""{r: 1, g: 1, b: 1, a: 1}"": 1}",Assets/BizzaWZ/Final/Real/UI/WithdrawHistory/WithdrawHistoryItem.prefab
Assets/BizzaWZ/Final/BizzaGame/Z_ReplaceAssets/UI_Frame/Withdrawal/Bg_EmptyField.png,c3d42288e4a752648b6ad5ebb057635d,393,73,"{x: 148, y: 27, z: 82, w: 27}",1,"{""{r: 1, g: 1, b: 1, a: 1}"": 9}",Assets/BizzaWZ/Final/Real/UI/WithdrawFillPanel/WithdrawFillPanel.prefab
Assets/BizzaWZ/Final/BizzaGame/Z_ReplaceAssets/UI_Frame/Withdrawal/Icon_SeleChannel.png,ea26bc081c9e64b43a548f09221f3800,69,69,"{x: 0, y: 0, z: 0, w: 0}",1,"{""{r: 1, g: 1, b: 1, a: 1}"": 4}",Assets/BizzaWZ/Final/Real/UI/WithdrawFillPanel/WithdrawFillPanel.prefab
Assets/BizzaWZ/Common/BizzaGame/Z_ReplaceAssets/UI_Frame/Common/Bg_GameTop.png,335f9729c4fd7064ebdc0d24aa09298f,1844,229,"{x: 0, y: 0, z: 0, w: 0}",0,{},
Assets/BizzaWZ/Common/BizzaGame/Z_ReplaceAssets/UI_Frame/GamePanel/Auto_On.png,3309761d2026cb34bad1f454b239e538,80,81,"{x: 0, y: 0, z: 0, w: 0}",0,{},
Assets/BizzaWZ/Common/BizzaGame/Z_ReplaceAssets/UI_Frame/GamePanel/Auto_bg.png,225c37e38698d454faa17ef27e44170d,96,158,"{x: 0, y: 0, z: 0, w: 0}",0,{},
Assets/BizzaWZ/Common/BizzaGame/Z_ReplaceAssets/UI_Frame/GamePanel/Auto_off.png,fa3f8673d980d8049a6f54fd7d3e6844,80,81,"{x: 0, y: 0, z: 0, w: 0}",0,{},
Assets/BizzaWZ/Common/BizzaGame/Z_ReplaceAssets/UI_Frame/GamePanel/Btn_Currency.png,c56a8241ffaf9ce4a84fbdc3dfe26af8,414,162,"{x: 0, y: 0, z: 0, w: 0}",0,{},
Assets/BizzaWZ/Common/BizzaGame/Z_ReplaceAssets/UI_Frame/GamePanel/HDHG_JN_BG_1.png,349e413018df32f4b987c0ee38f10b6c,28,1113,"{x: 0, y: 0, z: 0, w: 0}",0,{},
Assets/BizzaWZ/Common/BizzaGame/Z_ReplaceAssets/UI_Frame/GamePanel/HDHG_JN_BG_2.png,9974de4f02d2f1d4e8f33a234e909f69,28,1113,"{x: 0, y: 0, z: 0, w: 0}",0,{},
Assets/BizzaWZ/Common/BizzaGame/Z_ReplaceAssets/UI_Frame/GamePanel/Icon_PropAddTip.png,8cbf64eb5bc6b7f43acc1c6226b480db,80,80,"{x: 0, y: 0, z: 0, w: 0}",0,{},
Assets/BizzaWZ/Common/BizzaGame/Z_ReplaceAssets/UI_Frame/GamePanel/Prop_HaveTip.png,57537490966f74a4092bcd1ff3a52467,176,176,"{x: 0, y: 0, z: 0, w: 0}",0,{},
Assets/BizzaWZ/Common/BizzaGame/Z_ReplaceAssets/UI_Frame/Loading/ICON.png,78320c4de744fbd4d8ce35b88c159cc8,512,512,"{x: 0, y: 0, z: 0, w: 0}",0,{},
Assets/BizzaWZ/Common/BizzaGame/Z_ReplaceAssets/UI_Frame/Loading/ICON_notification_small.png,5717cea43dfaf094d8b912666737b7b2,256,256,"{x: 0, y: 0, z: 0, w: 0}",0,{},
Assets/BizzaWZ/Common/BizzaGame/Z_ReplaceAssets/UI_Frame/Loading/加载参考.png,ea9d79337a1346c4892c79bc502416b4,1080,2340,"{x: 0, y: 0, z: 0, w: 0}",0,{},
Assets/BizzaWZ/Common/BizzaGame/Z_ReplaceAssets/UI_Frame/LosePanel/Icon_LoseIcon.png,8ee74fb6abc68904ba2c416b388fb952,794,437,"{x: 0, y: 0, z: 0, w: 0}",0,{},
Assets/BizzaWZ/Common/BizzaGame/Z_ReplaceAssets/UI_Frame/Prop/Icon_Prop_2.png,c235db81d11b41c4b92102d54070a707,1610,917,"{x: 0, y: 0, z: 0, w: 0}",0,{},
Assets/BizzaWZ/Final/BizzaGame/Z_ReplaceAssets/UI_Frame/DanPanel/Icon_NotClaim.png,fc934fa8d0118fb48a85b9342e779d20,169,86,"{x: 81, y: 41, z: 82, w: 39}",0,{},
Assets/BizzaWZ/Final/BizzaGame/Z_ReplaceAssets/UI_Frame/GamePanel/Icon_DailyMission.png,8678942805711f940bdf8a6548136199,151,150,"{x: 0, y: 0, z: 0, w: 0}",0,{},
Assets/BizzaWZ/Final/BizzaGame/Z_ReplaceAssets/UI_Frame/GetRewardPanel/Bg_DailyAdFill.png,ef5c601c6da54a34f91d66251eb2f397,678,71,"{x: 339, y: 35.5, z: 339, w: 35.5}",0,{},
Assets/BizzaWZ/Final/BizzaGame/Z_ReplaceAssets/UI_Frame/SlotPanel/SlotOther/bonus.png,43ab0e8d46ffbe54688e43274db467ad,994,508,"{x: 0, y: 0, z: 0, w: 0}",0,{},
Assets/BizzaWZ/Final/BizzaGame/Z_ReplaceAssets/UI_Frame/StarRatingPopup/bg.png,14e3ba30f9fe66b4aa28b66ff07bae32,1054,566,"{x: 203, y: 266, z: 272, w: 142}",0,{},
Assets/BizzaWZ/Final/BizzaGame/Z_ReplaceAssets/UI_Frame/StarRatingPopup/starbg.png,3d02055a26b2f7d47998f8df4beb793f,922,159,"{x: 0, y: 0, z: 0, w: 0}",0,{},
